{"cameraMode":{"drawMode":0,"name":"Shaded","section":"Shading Mode"},"sceneLighting":true,"audioPlay":false,"sceneViewState":{"showFog":true,"showMaterialUpdate":true,"showSkybox":true,"showFlares":true,"showImageEffects":true,"showParticleSystems":true},"in2DMode":false,"pivot":{"x":3.7201802730560304,"y":-128.39649963378907,"z":64.55360412597656},"rotation":{"x":-0.5131099820137024,"y":-0.015639599412679673,"z":0.009322256781160832,"w":-0.8581297993659973},"size":154.68592834472657,"orthographic":false}