{"cameraMode":{"drawMode":0,"name":"Shaded","section":"Shading Mode"},"sceneLighting":true,"audioPlay":false,"sceneViewState":{"showFog":true,"showMaterialUpdate":true,"showSkybox":true,"showFlares":true,"showImageEffects":true,"showParticleSystems":true},"in2DMode":false,"pivot":{"x":3.8040313720703127,"y":-8.456252098083496,"z":0.6792354583740234},"rotation":{"x":0.03941649943590164,"y":0.7811888456344605,"z":-0.6210757493972778,"w":0.04955112934112549},"size":18.566085815429689,"orthographic":false}