{"cameraMode":{"drawMode":0,"name":"Shaded","section":"Shading Mode"},"sceneLighting":true,"audioPlay":false,"sceneViewState":{"showFog":true,"showMaterialUpdate":true,"showSkybox":true,"showFlares":true,"showImageEffects":true,"showParticleSystems":true},"in2DMode":false,"pivot":{"x":-4.668612480163574,"y":-38.062191009521487,"z":39.6273078918457},"rotation":{"x":0.37842172384262087,"y":-0.07713179290294647,"z":0.031689275056123736,"w":0.9218695759773254},"size":67.66093444824219,"orthographic":false}