{"cameraMode":{"drawMode":0,"name":"Shaded","section":"Shading Mode"},"sceneLighting":true,"audioPlay":false,"sceneViewState":{"showFog":true,"showMaterialUpdate":true,"showSkybox":true,"showFlares":true,"showImageEffects":true,"showParticleSystems":true},"in2DMode":false,"pivot":{"x":-5.159915924072266,"y":-72.02567291259766,"z":32.332244873046878},"rotation":{"x":0.5385503172874451,"y":-0.1767006665468216,"z":0.11671604961156845,"w":0.8155475854873657},"size":83.97669982910156,"orthographic":false}