{"cameraMode":{"drawMode":0,"name":"Shaded","section":"Shading Mode"},"sceneLighting":true,"audioPlay":false,"sceneViewState":{"showFog":true,"showMaterialUpdate":true,"showSkybox":true,"showFlares":true,"showImageEffects":true,"showParticleSystems":true},"in2DMode":false,"pivot":{"x":2.8765251636505129,"y":-0.8214361667633057,"z":-2.2606711387634279},"rotation":{"x":0.10845950990915299,"y":0.22726109623908997,"z":-0.025456111878156663,"w":0.9674404263496399},"size":11.724443435668946,"orthographic":false}