{"cameraMode":{"drawMode":0,"name":"Shaded","section":"Shading Mode"},"sceneLighting":false,"audioPlay":false,"sceneViewState":{"showFog":true,"showMaterialUpdate":true,"showSkybox":false,"showFlares":true,"showImageEffects":true,"showParticleSystems":true},"in2DMode":false,"pivot":{"x":-2.0,"y":-5.960464477539063e-8,"z":-0.010000050067901612},"rotation":{"x":-0.11418958753347397,"y":-0.515888512134552,"z":0.06959722936153412,"w":-0.8461536765098572},"size":2.5826592445373537,"orthographic":false}