{"cameraMode":{"drawMode":0,"name":"Shaded","section":"Shading Mode"},"sceneLighting":false,"audioPlay":false,"sceneViewState":{"showFog":true,"showMaterialUpdate":true,"showSkybox":false,"showFlares":true,"showImageEffects":true,"showParticleSystems":true},"in2DMode":false,"pivot":{"x":-2.4700000286102297,"y":-0.5392372608184815,"z":-5.949999809265137},"rotation":{"x":0.5792087912559509,"y":-0.21095271408557893,"z":0.1584390550851822,"w":0.7713062167167664},"size":2.348623275756836,"orthographic":false}