{"cameraMode":{"drawMode":0,"name":"Shaded","section":"Shading Mode"},"sceneLighting":true,"audioPlay":false,"sceneViewState":{"showFog":true,"showMaterialUpdate":true,"showSkybox":true,"showFlares":true,"showImageEffects":true,"showParticleSystems":true},"in2DMode":false,"pivot":{"x":-3.304248809814453,"y":-31.64137840270996,"z":19.900035858154298},"rotation":{"x":-0.4162408709526062,"y":0.007351864594966173,"z":-0.003383448114618659,"w":-0.9092183709144592},"size":58.647579193115237,"orthographic":false}