{"cameraMode":{"drawMode":0,"name":"Shaded","section":"Shading Mode"},"sceneLighting":false,"audioPlay":false,"sceneViewState":{"showFog":true,"showMaterialUpdate":true,"showSkybox":false,"showFlares":true,"showImageEffects":true,"showParticleSystems":true},"in2DMode":false,"pivot":{"x":-1.6871169805526734,"y":-0.13156908750534059,"z":-6.618608474731445},"rotation":{"x":0.4444633722305298,"y":0.1266639679670334,"z":-0.06362386792898178,"w":0.8845115303993225},"size":1.2104496955871583,"orthographic":false}