{"cameraMode":{"drawMode":0,"name":"Shaded","section":"Shading Mode"},"sceneLighting":false,"audioPlay":false,"sceneViewState":{"showFog":true,"showMaterialUpdate":true,"showSkybox":false,"showFlares":true,"showImageEffects":true,"showParticleSystems":true},"in2DMode":false,"pivot":{"x":-2.740060567855835,"y":0.9858348369598389,"z":-6.851700782775879},"rotation":{"x":0.5238933563232422,"y":-0.25510933995246889,"z":0.16811531782150269,"w":0.7951052188873291},"size":2.348623275756836,"orthographic":false}