{"cameraMode":{"drawMode":0,"name":"Shaded","section":"Shading Mode"},"sceneLighting":false,"audioPlay":false,"sceneViewState":{"showFog":true,"showMaterialUpdate":true,"showSkybox":false,"showFlares":true,"showImageEffects":true,"showParticleSystems":true},"in2DMode":false,"pivot":{"x":1.3841698169708253,"y":-0.10556906461715698,"z":-5.382948875427246},"rotation":{"x":0.32747912406921389,"y":-0.00592167628929019,"z":0.0020757766906172039,"w":0.9448376297950745},"size":1.2104496955871583,"orthographic":false}