{"cameraMode":{"drawMode":0,"name":"Shaded","section":"Shading Mode"},"sceneLighting":true,"audioPlay":false,"sceneViewState":{"showFog":true,"showMaterialUpdate":true,"showSkybox":true,"showFlares":true,"showImageEffects":true,"showParticleSystems":true},"in2DMode":false,"pivot":{"x":0.3403615951538086,"y":2.990593433380127,"z":-5.533559799194336},"rotation":{"x":-0.3383665680885315,"y":0.1936555653810501,"z":-0.07139262557029724,"w":-0.9181006550788879},"size":7.030705451965332,"orthographic":false}