{"cameraMode":{"drawMode":0,"name":"Shaded","section":"Shading Mode"},"sceneLighting":true,"audioPlay":false,"sceneViewState":{"showFog":true,"showMaterialUpdate":true,"showSkybox":true,"showFlares":true,"showImageEffects":true,"showParticleSystems":true},"in2DMode":false,"pivot":{"x":11.424745559692383,"y":-89.51477813720703,"z":65.07025909423828},"rotation":{"x":-0.4427163004875183,"y":-0.07926993072032929,"z":0.03931036219000816,"w":-0.8922854065895081},"size":134.28326416015626,"orthographic":false}