{"cameraMode":{"drawMode":0,"name":"Shaded","section":"Shading Mode"},"sceneLighting":true,"audioPlay":false,"sceneViewState":{"showFog":true,"showMaterialUpdate":true,"showSkybox":true,"showFlares":true,"showImageEffects":true,"showParticleSystems":true},"in2DMode":false,"pivot":{"x":1.5124588012695313,"y":-16.844038009643556,"z":4.051601409912109},"rotation":{"x":-0.30710142850875857,"y":-0.6924157738685608,"z":0.44556307792663576,"w":-0.47720295190811159},"size":25.332406997680665,"orthographic":false}