{"cameraMode":{"drawMode":0,"name":"Shaded","section":"Shading Mode"},"sceneLighting":true,"audioPlay":false,"sceneViewState":{"showFog":true,"showMaterialUpdate":true,"showSkybox":true,"showFlares":true,"showImageEffects":true,"showParticleSystems":true},"in2DMode":false,"pivot":{"x":0.019999980926513673,"y":0.0,"z":0.7900009155273438},"rotation":{"x":0.4963349997997284,"y":-0.008030463010072708,"z":0.004614659585058689,"w":0.8680817484855652},"size":44.89777374267578,"orthographic":false}