{"cameraMode":{"drawMode":0,"name":"Shaded","section":"Shading Mode"},"sceneLighting":true,"audioPlay":false,"sceneViewState":{"showFog":true,"showMaterialUpdate":true,"showSkybox":true,"showFlares":true,"showImageEffects":true,"showParticleSystems":true},"in2DMode":false,"pivot":{"x":-10.247647285461426,"y":-22.32722282409668,"z":15.594944953918457},"rotation":{"x":0.4213927984237671,"y":-0.08231262117624283,"z":0.038469888269901279,"w":0.9023152589797974},"size":36.83251190185547,"orthographic":false}