{"cameraMode":{"drawMode":0,"name":"Shaded","section":"Shading Mode"},"sceneLighting":true,"audioPlay":false,"sceneViewState":{"showFog":true,"showMaterialUpdate":true,"showSkybox":true,"showFlares":true,"showImageEffects":true,"showParticleSystems":true},"in2DMode":false,"pivot":{"x":1.6149444580078126,"y":-1.9611849784851075,"z":3.4184913635253908},"rotation":{"x":0.16792666912078858,"y":-0.09651194512844086,"z":0.016543881967663766,"w":0.9809243083000183},"size":27.840923309326173,"orthographic":false}