{"cameraMode":{"drawMode":0,"name":"Shaded","section":"Shading Mode"},"sceneLighting":true,"audioPlay":false,"sceneViewState":{"showFog":true,"showMaterialUpdate":true,"showSkybox":true,"showFlares":true,"showImageEffects":true,"showParticleSystems":true},"in2DMode":false,"pivot":{"x":-1.5288794040679932,"y":-24.41244125366211,"z":-14.966965675354004},"rotation":{"x":0.05419158190488815,"y":-0.8434032797813416,"z":0.5274653434753418,"w":0.08668641000986099},"size":32.364410400390628,"orthographic":false}