{"cameraMode":{"drawMode":0,"name":"Shaded","section":"Shading Mode"},"sceneLighting":true,"audioPlay":false,"sceneViewState":{"showFog":true,"showMaterialUpdate":true,"showSkybox":true,"showFlares":true,"showImageEffects":true,"showParticleSystems":true},"in2DMode":false,"pivot":{"x":-8.775264739990235,"y":-40.78852081298828,"z":21.421630859375},"rotation":{"x":0.46450021862983706,"y":-0.17850404977798463,"z":0.09621042013168335,"w":0.8620437383651733},"size":64.08269500732422,"orthographic":false}