{"cameraMode":{"drawMode":0,"name":"Shaded","section":"Shading Mode"},"sceneLighting":true,"audioPlay":false,"sceneViewState":{"showFog":true,"showMaterialUpdate":true,"showSkybox":true,"showFlares":true,"showImageEffects":true,"showParticleSystems":true},"in2DMode":false,"pivot":{"x":14.558667182922364,"y":-48.72679901123047,"z":-0.9943944215774536},"rotation":{"x":0.4092213213443756,"y":0.5800685286521912,"z":-0.41956841945648196,"w":0.5657038688659668},"size":67.66093444824219,"orthographic":false}