{"cameraMode":{"drawMode":0,"name":"Shaded","section":"Shading Mode"},"sceneLighting":false,"audioPlay":false,"sceneViewState":{"showFog":true,"showMaterialUpdate":true,"showSkybox":false,"showFlares":true,"showImageEffects":true,"showParticleSystems":true},"in2DMode":false,"pivot":{"x":0.3112844228744507,"y":0.27920782566070559,"z":-0.9496923685073853},"rotation":{"x":-0.40591734647750857,"y":-0.055620141327381137,"z":0.024738993495702745,"w":-0.9118801951408386},"size":2.8578836917877199,"orthographic":false}