{"cameraMode":{"drawMode":0,"name":"Shaded","section":"Shading Mode"},"sceneLighting":false,"audioPlay":false,"sceneViewState":{"showFog":true,"showMaterialUpdate":true,"showSkybox":false,"showFlares":true,"showImageEffects":true,"showParticleSystems":true},"in2DMode":false,"pivot":{"x":1.8921325206756592,"y":-0.46995747089385989,"z":-1.1120314598083497},"rotation":{"x":-0.128682479262352,"y":-0.7902770638465881,"z":0.1777183711528778,"w":-0.5721181631088257},"size":4.489243984222412,"orthographic":false}