{"cameraMode":{"drawMode":0,"name":"Shaded","section":"Shading Mode"},"sceneLighting":true,"audioPlay":false,"sceneViewState":{"showFog":true,"showMaterialUpdate":true,"showSkybox":true,"showFlares":true,"showImageEffects":true,"showParticleSystems":true},"in2DMode":false,"pivot":{"x":6.889639377593994,"y":-7.644785404205322,"z":9.228012084960938},"rotation":{"x":0.35033562779426577,"y":0.43517860770225527,"z":-0.18874968588352204,"w":0.8076249957084656},"size":18.96841812133789,"orthographic":false}