{"cameraMode":{"drawMode":0,"name":"Shaded","section":"Shading Mode"},"sceneLighting":false,"audioPlay":false,"sceneViewState":{"showFog":true,"showMaterialUpdate":true,"showSkybox":false,"showFlares":true,"showImageEffects":true,"showParticleSystems":true},"in2DMode":false,"pivot":{"x":1.728339433670044,"y":-0.0005031824111938477,"z":-6.480000972747803},"rotation":{"x":0.2997813820838928,"y":0.60011225938797,"z":-0.25883057713508608,"w":0.6949843168258667},"size":1.8830777406692505,"orthographic":false}