{"cameraMode":{"drawMode":0,"name":"Shaded","section":"Shading Mode"},"sceneLighting":true,"audioPlay":false,"sceneViewState":{"showFog":true,"showMaterialUpdate":true,"showSkybox":true,"showFlares":true,"showImageEffects":true,"showParticleSystems":true},"in2DMode":false,"pivot":{"x":1.2125903367996216,"y":-0.6881042718887329,"z":-5.557839393615723},"rotation":{"x":-0.42817455530166628,"y":0.04685326665639877,"z":-0.022255418822169305,"w":-0.9022061824798584},"size":3.819887399673462,"orthographic":false}