{"cameraMode":{"drawMode":0,"name":"Shaded","section":"Shading Mode"},"sceneLighting":true,"audioPlay":false,"sceneViewState":{"showFog":true,"showMaterialUpdate":true,"showSkybox":true,"showFlares":true,"showImageEffects":true,"showParticleSystems":true},"in2DMode":false,"pivot":{"x":1.0597953796386719,"y":-0.6648628115653992,"z":-5.345706462860107},"rotation":{"x":0.3341379165649414,"y":0.20679302513599397,"z":-0.07536779344081879,"w":0.9164650440216065},"size":9.005547523498536,"orthographic":false}