{"cameraMode":{"drawMode":0,"name":"Shaded","section":"Shading Mode"},"sceneLighting":false,"audioPlay":false,"sceneViewState":{"showFog":true,"showMaterialUpdate":true,"showSkybox":false,"showFlares":true,"showImageEffects":true,"showParticleSystems":true},"in2DMode":false,"pivot":{"x":1.7894375324249268,"y":0.5855072140693665,"z":0.27579548954963686},"rotation":{"x":0.027700357139110566,"y":0.7191423177719116,"z":0.028689606115221978,"w":-0.6937175989151001},"size":0.7426750063896179,"orthographic":false}