{"cameraMode":{"drawMode":0,"name":"Shaded","section":"Shading Mode"},"sceneLighting":true,"audioPlay":false,"sceneViewState":{"showFog":true,"showMaterialUpdate":true,"showSkybox":true,"showFlares":true,"showImageEffects":true,"showParticleSystems":true},"in2DMode":false,"pivot":{"x":1.9990215301513672,"y":1.1939809322357178,"z":-4.6628336906433109},"rotation":{"x":-0.19067472219467164,"y":0.40088075399398806,"z":-0.08571800589561463,"w":-0.8919585943222046},"size":6.90073823928833,"orthographic":false}