{"cameraMode":{"drawMode":0,"name":"Shaded","section":"Shading Mode"},"sceneLighting":false,"audioPlay":false,"sceneViewState":{"showFog":true,"showMaterialUpdate":true,"showSkybox":false,"showFlares":true,"showImageEffects":true,"showParticleSystems":true},"in2DMode":false,"pivot":{"x":0.6454856395721436,"y":0.8208109736442566,"z":0.20995330810546876},"rotation":{"x":-0.02934742532670498,"y":-0.9524056315422058,"z":0.2874353229999542,"w":-0.09717629104852677},"size":0.881722629070282,"orthographic":false}