{"cameraMode":{"drawMode":0,"name":"Shaded","section":"Shading Mode"},"sceneLighting":false,"audioPlay":false,"sceneViewState":{"showFog":true,"showMaterialUpdate":true,"showSkybox":false,"showFlares":true,"showImageEffects":true,"showParticleSystems":true},"in2DMode":false,"pivot":{"x":0.7917585968971252,"y":-3.221219062805176,"z":20.20897674560547},"rotation":{"x":0.07563796639442444,"y":0.016219813376665117,"z":-0.001210962189361453,"w":0.9970027208328247},"size":24.279878616333009,"orthographic":false}