{"cameraMode":{"drawMode":0,"name":"Shaded","section":"Shading Mode"},"sceneLighting":true,"audioPlay":false,"sceneViewState":{"showFog":true,"showMaterialUpdate":true,"showSkybox":true,"showFlares":true,"showImageEffects":true,"showParticleSystems":true},"in2DMode":false,"pivot":{"x":0.8855446577072144,"y":-0.5042240023612976,"z":-2.786423683166504},"rotation":{"x":-0.31016409397125246,"y":0.13288483023643495,"z":-0.04385032132267952,"w":-0.9403281807899475},"size":11.62954330444336,"orthographic":false}