{"cameraMode":{"drawMode":0,"name":"Shaded","section":"Shading Mode"},"sceneLighting":true,"audioPlay":false,"sceneViewState":{"showFog":true,"showMaterialUpdate":true,"showSkybox":true,"showFlares":true,"showImageEffects":true,"showParticleSystems":true},"in2DMode":false,"pivot":{"x":1.5535022020339966,"y":-2.091991901397705,"z":1.0132187604904175},"rotation":{"x":0.1805984377861023,"y":0.07370738685131073,"z":-0.013554267585277558,"w":0.9806975722312927},"size":12.437278747558594,"orthographic":false}