{"cameraMode":{"drawMode":0,"name":"Shaded","section":"Shading Mode"},"sceneLighting":true,"audioPlay":false,"sceneViewState":{"showFog":true,"showMaterialUpdate":true,"showSkybox":true,"showFlares":true,"showImageEffects":true,"showParticleSystems":true},"in2DMode":false,"pivot":{"x":0.8655276298522949,"y":-87.4750747680664,"z":38.56296920776367},"rotation":{"x":-0.5262750387191773,"y":-0.07386834919452667,"z":0.045938145369291309,"w":-0.845853328704834},"size":108.47570037841797,"orthographic":false}