{"cameraMode":{"drawMode":0,"name":"Shaded","section":"Shading Mode"},"sceneLighting":true,"audioPlay":false,"sceneViewState":{"showFog":true,"showMaterialUpdate":true,"showSkybox":true,"showFlares":true,"showImageEffects":true,"showParticleSystems":true},"in2DMode":false,"pivot":{"x":1.4163763523101807,"y":-1.4527945518493653,"z":0.4626293182373047},"rotation":{"x":-0.130041241645813,"y":-0.6946598887443543,"z":0.1298619508743286,"w":-0.6954658627510071},"size":6.832455158233643,"orthographic":false}