{"cameraMode":{"drawMode":0,"name":"Shaded","section":"Shading Mode"},"sceneLighting":true,"audioPlay":false,"sceneViewState":{"showFog":true,"showMaterialUpdate":true,"showSkybox":true,"showFlares":true,"showImageEffects":true,"showParticleSystems":true},"in2DMode":false,"pivot":{"x":-1.7516322135925294,"y":-17.23107147216797,"z":2.0914642810821535},"rotation":{"x":-0.4994363486766815,"y":0.3502194881439209,"z":-0.23076143860816956,"w":-0.7580625414848328},"size":22.746906280517579,"orthographic":false}