{"cameraMode":{"drawMode":0,"name":"Shaded","section":"Shading Mode"},"sceneLighting":false,"audioPlay":false,"sceneViewState":{"showFog":true,"showMaterialUpdate":true,"showSkybox":false,"showFlares":true,"showImageEffects":true,"showParticleSystems":true},"in2DMode":false,"pivot":{"x":-1.603569507598877,"y":-0.07360577583312988,"z":-3.978257179260254},"rotation":{"x":-0.16189906001091004,"y":-0.2038678228855133,"z":0.03418514505028725,"w":-0.9649134874343872},"size":2.582659959793091,"orthographic":false}