{"cameraMode":{"drawMode":0,"name":"Shaded","section":"Shading Mode"},"sceneLighting":true,"audioPlay":false,"sceneViewState":{"showFog":true,"showMaterialUpdate":true,"showSkybox":true,"showFlares":true,"showImageEffects":true,"showParticleSystems":true},"in2DMode":false,"pivot":{"x":47.42073059082031,"y":-15.595999717712403,"z":-10.461700439453125},"rotation":{"x":0.11580489575862885,"y":0.7245922684669495,"z":-0.1256510317325592,"w":0.6676580309867859},"size":51.13143539428711,"orthographic":false}