{"cameraMode":{"drawMode":0,"name":"Shaded","section":"Shading Mode"},"sceneLighting":true,"audioPlay":false,"sceneViewState":{"showFog":true,"showMaterialUpdate":true,"showSkybox":true,"showFlares":true,"showImageEffects":true,"showParticleSystems":true},"in2DMode":false,"pivot":{"x":4.3591628074646,"y":-72.21415710449219,"z":59.64793395996094},"rotation":{"x":-0.4046538174152374,"y":-0.05501588061451912,"z":0.024369914084672929,"w":-0.9124882221221924},"size":124.37974548339844,"orthographic":false}