{"cameraMode":{"drawMode":0,"name":"Shaded","section":"Shading Mode"},"sceneLighting":true,"audioPlay":false,"sceneViewState":{"showFog":true,"showMaterialUpdate":true,"showSkybox":true,"showFlares":true,"showImageEffects":true,"showParticleSystems":true},"in2DMode":false,"pivot":{"x":-1.931185007095337,"y":-0.24950633943080903,"z":-2.2148420810699465},"rotation":{"x":-0.2950793206691742,"y":0.42400458455085757,"z":-0.1483880877494812,"w":-0.8432848453521729},"size":13.768012046813965,"orthographic":false}