{"cameraMode":{"drawMode":0,"name":"Shaded","section":"Shading Mode"},"sceneLighting":false,"audioPlay":false,"sceneViewState":{"showFog":true,"showMaterialUpdate":true,"showSkybox":false,"showFlares":true,"showImageEffects":true,"showParticleSystems":true},"in2DMode":false,"pivot":{"x":1.56786048412323,"y":0.03948473930358887,"z":-3.75},"rotation":{"x":0.4444633722305298,"y":0.1266639679670334,"z":-0.06362386792898178,"w":0.8845115303993225},"size":1.4756017923355103,"orthographic":false}