{"cameraMode":{"drawMode":0,"name":"Shaded","section":"Shading Mode"},"sceneLighting":true,"audioPlay":false,"sceneViewState":{"showFog":true,"showMaterialUpdate":true,"showSkybox":true,"showFlares":true,"showImageEffects":true,"showParticleSystems":true},"in2DMode":false,"pivot":{"x":2.135164976119995,"y":-1.9513019323349,"z":-0.3403095006942749},"rotation":{"x":-0.29366257786750796,"y":0.12229156494140625,"z":-0.037930719554424289,"w":-0.9472953081130981},"size":12.471684455871582,"orthographic":false}