{"cameraMode":{"drawMode":0,"name":"Shaded","section":"Shading Mode"},"sceneLighting":true,"audioPlay":false,"sceneViewState":{"showFog":true,"showMaterialUpdate":true,"showSkybox":true,"showFlares":true,"showImageEffects":true,"showParticleSystems":true},"in2DMode":false,"pivot":{"x":8.84229850769043,"y":-3.856698513031006,"z":0.31156444549560549},"rotation":{"x":0.20347905158996583,"y":0.26580989360809328,"z":-0.05748261138796806,"w":0.9405515193939209},"size":15.805670738220215,"orthographic":false}