{"cameraMode":{"drawMode":0,"name":"Shaded","section":"Shading Mode"},"sceneLighting":true,"audioPlay":false,"sceneViewState":{"showFog":true,"showMaterialUpdate":true,"showSkybox":true,"showFlares":true,"showImageEffects":true,"showParticleSystems":true},"in2DMode":false,"pivot":{"x":2.094527244567871,"y":-0.7962421178817749,"z":-3.6102335453033449},"rotation":{"x":-0.2897357940673828,"y":-0.11365988850593567,"z":0.03465639054775238,"w":-0.9497018456459045},"size":5.389659881591797,"orthographic":false}