{"cameraMode":{"drawMode":0,"name":"Shaded","section":"Shading Mode"},"sceneLighting":true,"audioPlay":false,"sceneViewState":{"showFog":true,"showMaterialUpdate":true,"showSkybox":true,"showFlares":true,"showImageEffects":true,"showParticleSystems":true},"in2DMode":false,"pivot":{"x":-1.216500163078308,"y":2.1703855991363527,"z":-7.835804462432861},"rotation":{"x":-0.2625029683113098,"y":-0.044767580926418307,"z":0.012166350148618222,"w":-0.9638153910636902},"size":1.8434128761291505,"orthographic":false}