{"cameraMode":{"drawMode":0,"name":"Shaded","section":"Shading Mode"},"sceneLighting":false,"audioPlay":false,"sceneViewState":{"showFog":true,"showMaterialUpdate":true,"showSkybox":false,"showFlares":true,"showImageEffects":true,"showParticleSystems":true},"in2DMode":false,"pivot":{"x":2.9948720932006838,"y":-0.7097217440605164,"z":-3.223947525024414},"rotation":{"x":-0.613998532295227,"y":-0.06304582953453064,"z":0.04927472397685051,"w":-0.7852407693862915},"size":2.6392786502838136,"orthographic":false}