{"cameraMode":{"drawMode":0,"name":"Shaded","section":"Shading Mode"},"sceneLighting":true,"audioPlay":false,"sceneViewState":{"showFog":true,"showMaterialUpdate":true,"showSkybox":true,"showFlares":true,"showImageEffects":true,"showParticleSystems":true},"in2DMode":false,"pivot":{"x":0.7473955154418945,"y":-0.9943907260894775,"z":-1.3255290985107422},"rotation":{"x":0.07498830556869507,"y":0.19557270407676698,"z":-0.014977553859353066,"w":0.977703332901001},"size":9.91421890258789,"orthographic":false}