{"cameraMode":{"drawMode":0,"name":"Shaded","section":"Shading Mode"},"sceneLighting":true,"audioPlay":false,"sceneViewState":{"showFog":true,"showMaterialUpdate":true,"showSkybox":true,"showFlares":true,"showImageEffects":true,"showParticleSystems":true},"in2DMode":false,"pivot":{"x":1.9915645122528077,"y":-0.20201146602630616,"z":-6.110674858093262},"rotation":{"x":-0.4217436611652374,"y":0.07816637307405472,"z":-0.036542974412441257,"w":-0.902600109577179},"size":6.22430419921875,"orthographic":false}