{"cameraMode":{"drawMode":0,"name":"Shaded","section":"Shading Mode"},"sceneLighting":false,"audioPlay":false,"sceneViewState":{"showFog":true,"showMaterialUpdate":true,"showSkybox":false,"showFlares":true,"showImageEffects":true,"showParticleSystems":true},"in2DMode":false,"pivot":{"x":-4.159999847412109,"y":0.050000011920928958,"z":-1.149999976158142},"rotation":{"x":-0.3843078315258026,"y":0.09335450828075409,"z":-0.03911707177758217,"w":-0.9176395535469055},"size":1.8704044818878174,"orthographic":false}