{"cameraMode":{"drawMode":0,"name":"Shaded","section":"Shading Mode"},"sceneLighting":false,"audioPlay":false,"sceneViewState":{"showFog":true,"showMaterialUpdate":true,"showSkybox":false,"showFlares":true,"showImageEffects":true,"showParticleSystems":true},"in2DMode":false,"pivot":{"x":-3.0074851512908937,"y":0.0,"z":-0.9597742557525635},"rotation":{"x":-0.23363928496837617,"y":0.3148037791252136,"z":-0.08027857542037964,"w":-0.9164423942565918},"size":2.582658529281616,"orthographic":false}