{"cameraMode":{"drawMode":0,"name":"Shaded","section":"Shading Mode"},"sceneLighting":true,"audioPlay":false,"sceneViewState":{"showFog":true,"showMaterialUpdate":true,"showSkybox":true,"showFlares":true,"showImageEffects":true,"showParticleSystems":true},"in2DMode":false,"pivot":{"x":0.9704582691192627,"y":0.4432034492492676,"z":-0.5742673873901367},"rotation":{"x":0.21578755974769593,"y":0.019947078078985215,"z":-0.004386585671454668,"w":0.9762267470359802},"size":7.613085746765137,"orthographic":false}