{"cameraMode":{"drawMode":0,"name":"Shaded","section":"Shading Mode"},"sceneLighting":true,"audioPlay":false,"sceneViewState":{"showFog":true,"showMaterialUpdate":true,"showSkybox":true,"showFlares":true,"showImageEffects":true,"showParticleSystems":true},"in2DMode":false,"pivot":{"x":-6.714282512664795,"y":-111.28793334960938,"z":72.7385025024414},"rotation":{"x":-0.4725515842437744,"y":0.06203533336520195,"z":-0.03338893502950668,"w":-0.8784826993942261},"size":161.62225341796876,"orthographic":false}